{"cameraMode":{"drawMode":0,"name":"Shaded","section":"Shading Mode"},"sceneLighting":false,"audioPlay":false,"sceneViewState":{"m_AlwaysRefresh":false,"showFog":true,"showSkybox":false,"showFlares":true,"showImageEffects":true,"showParticleSystems":true,"showVisualEffectGraphs":true,"m_FxEnabled":true},"in2DMode":false,"pivot":{"x":0.21873579919338227,"y":0.5498053431510925,"z":0.4930906593799591},"rotation":{"x":-0.06636735796928406,"y":-0.7739222645759583,"z":0.08226943761110306,"w":-0.6244206428527832},"size":0.1660671830177307,"orthographic":false}